model,MAE,RMSE,MAPE(%)
Holt-Winters,2939.651819624246,3485.334198536734,406.4509872195239
SARIMAX,6513.430027756434,6981.401478175028,784.1323765344847
Prophet,3029.9238623312135,3535.6737529631455,402.35044568125994
