model,MAE,RMSE,MAPE(%)
Holt-Winters,5371.498206196629,6549.433043916422,190.5631080130517
SARIMAX,4184.046662894739,5435.277198416002,128.91626686681076
Prophet,5132.261829985926,6221.381414497294,181.82874384827838
