model,MAE,RMSE,MAPE(%)
Holt-Winters,1177.0602598806802,1664.4528242902984,611.6187778241743
SARIMAX,1008.6450814634511,1671.336674017827,428.01348595770537
Prophet,1354.1943457220016,1748.3854583431873,755.1936347457736
