{
  "best_model": "Ridge",
  "leaderboard": [
    {
      "model": "Ridge",
      "MAE": 4967.0051694115755,
      "RMSE": 8160.538467818184,
      "MAPE(%)": 284.6296982508535,
      "sMAPE(%)": 62.659609358918935
    },
    {
      "model": "RandomForest",
      "MAE": 5250.265992928832,
      "RMSE": 8585.540329360001,
      "MAPE(%)": 282.1381396865333,
      "sMAPE(%)": 61.307564265587835
    },
    {
      "model": "XGBoost",
      "MAE": 5668.977376134273,
      "RMSE": 9453.401059056285,
      "MAPE(%)": 319.38821379237896,
      "sMAPE(%)": 63.28491723651153
    }
  ],
  "run_id": "20260208_202252"
}