{
  "best_model": "RandomForest",
  "leaderboard": [
    {
      "model": "RandomForest",
      "MAE": 15169.070333547008,
      "RMSE": 19440.318866640053,
      "MAPE(%)": 39.52030336800851,
      "sMAPE(%)": 27.933227380791475
    },
    {
      "model": "XGBoost",
      "MAE": 15665.037286324785,
      "RMSE": 20199.010719715596,
      "MAPE(%)": 43.25518966814037,
      "sMAPE(%)": 28.735409437780657
    },
    {
      "model": "Ridge",
      "MAE": 24086.50519346454,
      "RMSE": 28373.255280723148,
      "MAPE(%)": 68.08152014587748,
      "sMAPE(%)": 39.7168120963007
    }
  ],
  "run_id": "20260208_202208"
}