model,MAE,RMSE,MAPE(%)
Holt-Winters,16263.230356896685,21183.963888258448,56.0964600542913
SARIMAX,17142.60930981154,20971.310589927067,64.8922804181448
Prophet,19645.51782954179,23415.19248707333,78.90077698036909
