model,MAE,RMSE,MAPE(%)
Holt-Winters,4375.352555090803,5160.370648677179,439.336051512403
SARIMAX,4054.370159931222,4851.4114131298375,385.927262686489
Prophet,3770.3915616094814,4613.804054339934,359.99270196252814
